regime_label,n_observations,frequency
Normal,2035,0.5701877276548053
Elevated,756,0.21182404034743627
Fragile,456,0.12776688147940599
Crisis,322,0.09022135051835248
